[
    {
      "name": "Aaren",
      "username": "aaren-50",
      "date": "March 28, 2022",
      "score": 69,
      "location": "Saturn"
    },
    {
      "name": "Adriana",
      "username": "adriana-3",
      "date": "February 04, 2022",
      "score": 97,
      "location": "Earth"
    },
    {
      "name": "Alisha",
      "username": "alisha-18",
      "date": "February 23, 2022",
      "score": 11,
      "location": "Jupyter"
    },
    {
      "name": "Andeee",
      "username": "andeee-57",
      "date": "February 09, 2022",
      "score": 27,
      "location": "Venus"
    },
    {
      "name": "Annabela",
      "username": "annabela-45",
      "date": "March 29, 2022",
      "score": 28,
      "location": "Jupyter"
    },
    {
      "name": "Aryn",
      "username": "aryn-53",
      "date": "February 16, 2022",
      "score": 38,
      "location": "Mars"
    },
    {
      "name": "Basia",
      "username": "basia-66",
      "date": "March 30, 2022",
      "score": 22,
      "location": "Jupyter"
    },
    {
      "name": "Bernardine",
      "username": "bernardine-93",
      "date": "February 28, 2022",
      "score": 94,
      "location": "Mars"
    },
    {
      "name": "Bobbi",
      "username": "bobbi-38",
      "date": "March 04, 2022",
      "score": 66,
      "location": "Mars"
    },
    {
      "name": "Cam",
      "username": "cam-59",
      "date": "March 14, 2022",
      "score": 36,
      "location": "Jupyter"
    },
    {
      "name": "Carlie",
      "username": "carlie-25",
      "date": "March 22, 2022",
      "score": 11,
      "location": "Jupyter"
    },
    {
      "name": "Cecile",
      "username": "cecile-9",
      "date": "March 15, 2022",
      "score": 61,
      "location": "Mars"
    },
    {
      "name": "Christal",
      "username": "christal-78",
      "date": "March 13, 2022",
      "score": 16,
      "location": "Venus"
    },
    {
      "name": "Clarice",
      "username": "clarice-68",
      "date": "February 16, 2022",
      "score": 27,
      "location": "Earth"
    },
    {
      "name": "Corly",
      "username": "corly-99",
      "date": "March 13, 2022",
      "score": 84,
      "location": "Saturn"
    },
    {
      "name": "Danny",
      "username": "danny-28",
      "date": "February 12, 2022",
      "score": 75,
      "location": "Saturn"
    },
    {
      "name": "Dawn",
      "username": "dawn-85",
      "date": "March 28, 2022",
      "score": 59,
      "location": "Earth"
    },
    {
      "name": "Diena",
      "username": "diena-93",
      "date": "March 23, 2022",
      "score": 41,
      "location": "Earth"
    },
    {
      "name": "Drucie",
      "username": "drucie-38",
      "date": "March 22, 2022",
      "score": 92,
      "location": "Venus"
    },
    {
      "name": "Edith",
      "username": "edith-32",
      "date": "March 21, 2022",
      "score": 56,
      "location": "Jupyter"
    },
    {
      "name": "Elyssa",
      "username": "elyssa-56",
      "date": "March 25, 2022",
      "score": 7,
      "location": "Mars"
    },
    {
      "name": "Eugine",
      "username": "eugine-41",
      "date": "March 18, 2022",
      "score": 62,
      "location": "Venus"
    },
    {
      "name": "Fina",
      "username": "fina-26",
      "date": "February 15, 2022",
      "score": 8,
      "location": "Venus"
    },
    {
      "name": "Fred",
      "username": "fred-59",
      "date": "March 21, 2022",
      "score": 38,
      "location": "Mars"
    },
    {
      "name": "Gertrud",
      "username": "gertrud-35",
      "date": "March 04, 2022",
      "score": 60,
      "location": "Jupyter"
    },
    {
      "name": "Gui",
      "username": "gui-63",
      "date": "March 08, 2022",
      "score": 73,
      "location": "Earth"
    },
    {
      "name": "Hannis",
      "username": "hannis-0",
      "date": "February 18, 2022",
      "score": 17,
      "location": "Jupyter"
    },
    {
      "name": "Hyacinthe",
      "username": "hyacinthe-81",
      "date": "February 15, 2022",
      "score": 1,
      "location": "Saturn"
    },
    {
      "name": "Jacquetta",
      "username": "jacquetta-77",
      "date": "February 26, 2022",
      "score": 54,
      "location": "Earth"
    },
    {
      "name": "Jany",
      "username": "jany-58",
      "date": "February 09, 2022",
      "score": 44,
      "location": "Mars"
    },
    {
      "name": "Joane",
      "username": "joane-26",
      "date": "March 24, 2022",
      "score": 71,
      "location": "Venus"
    },
    {
      "name": "Juliane",
      "username": "juliane-80",
      "date": "February 11, 2022",
      "score": 60,
      "location": "Jupyter"
    },
    {
      "name": "Kamilah",
      "username": "kamilah-14",
      "date": "February 20, 2022",
      "score": 15,
      "location": "Venus"
    },
    {
      "name": "Katuscha",
      "username": "katuscha-23",
      "date": "February 09, 2022",
      "score": 38,
      "location": "Earth"
    },
    {
      "name": "Konstance",
      "username": "konstance-84",
      "date": "March 08, 2022",
      "score": 58,
      "location": "Mars"
    },
    {
      "name": "Lacie",
      "username": "lacie-21",
      "date": "March 09, 2022",
      "score": 63,
      "location": "Jupyter"
    },
    {
      "name": "Leona",
      "username": "leona-26",
      "date": "March 23, 2022",
      "score": 24,
      "location": "Jupyter"
    },
    {
      "name": "Lita",
      "username": "lita-55",
      "date": "March 16, 2022",
      "score": 62,
      "location": "Jupyter"
    },
    {
      "name": "Lorie",
      "username": "lorie-34",
      "date": "February 26, 2022",
      "score": 0,
      "location": "Earth"
    },
    {
      "name": "Madeleine",
      "username": "madeleine-34",
      "date": "March 22, 2022",
      "score": 42,
      "location": "Saturn"
    },
    {
      "name": "Margette",
      "username": "margette-4",
      "date": "February 12, 2022",
      "score": 61,
      "location": "Saturn"
    },
    {
      "name": "Mary",
      "username": "mary-13",
      "date": "February 03, 2022",
      "score": 22,
      "location": "Venus"
    },
    {
      "name": "Maye",
      "username": "maye-7",
      "date": "February 12, 2022",
      "score": 30,
      "location": "Earth"
    },
    {
      "name": "Micheline",
      "username": "micheline-17",
      "date": "March 08, 2022",
      "score": 42,
      "location": "Mars"
    },
    {
      "name": "Mureil",
      "username": "mureil-18",
      "date": "March 13, 2022",
      "score": 87,
      "location": "Jupyter"
    },
    {
      "name": "Nariko",
      "username": "nariko-12",
      "date": "February 11, 2022",
      "score": 73,
      "location": "Earth"
    },
    {
      "name": "Nollie",
      "username": "nollie-50",
      "date": "February 12, 2022",
      "score": 21,
      "location": "Mars"
    },
    {
      "name": "Paola",
      "username": "paola-66",
      "date": "March 13, 2022",
      "score": 27,
      "location": "Saturn"
    },
    {
      "name": "Perry",
      "username": "perry-26",
      "date": "March 05, 2022",
      "score": 53,
      "location": "Earth"
    },
    {
      "name": "Raquela",
      "username": "raquela-90",
      "date": "March 02, 2022",
      "score": 64,
      "location": "Mars"
    },
    {
      "name": "Robinia",
      "username": "robinia-57",
      "date": "February 03, 2022",
      "score": 71,
      "location": "Saturn"
    },
    {
      "name": "Rosanne",
      "username": "rosanne-34",
      "date": "March 08, 2022",
      "score": 60,
      "location": "Mars"
    },
    {
      "name": "Sara-Ann",
      "username": "sara-ann-69",
      "date": "March 19, 2022",
      "score": 37,
      "location": "Earth"
    },
    {
      "name": "Shel",
      "username": "shel-44",
      "date": "March 08, 2022",
      "score": 41,
      "location": "Mars"
    },
    {
      "name": "Sidoney",
      "username": "sidoney-95",
      "date": "February 24, 2022",
      "score": 62,
      "location": "Venus"
    },
    {
      "name": "Suzette",
      "username": "suzette-4",
      "date": "March 08, 2022",
      "score": 99,
      "location": "Mars"
    },
    {
      "name": "Thalia",
      "username": "thalia-90",
      "date": "February 17, 2022",
      "score": 3,
      "location": "Venus"
    },
    {
      "name": "Tobe",
      "username": "tobe-79",
      "date": "February 15, 2022",
      "score": 0,
      "location": "Saturn"
    },
    {
      "name": "Vanessa",
      "username": "vanessa-80",
      "date": "March 20, 2022",
      "score": 17,
      "location": "Mars"
    },
    {
      "name": "Wileen",
      "username": "wileen-55",
      "date": "February 12, 2022",
      "score": 68,
      "location": "Mars"
    }
  ]
  